annee,taux_chomage_national_pct,taux_chomage_jeunes_15_24_pct,taux_chomage_femmes_pct,source
2015,9.7,20.8,10.5,HCP - Enquête nationale sur l'emploi
2016,9.4,22.5,10.9,HCP - Enquête nationale sur l'emploi
2017,10.2,26.5,14.7,HCP - Enquête nationale sur l'emploi
2018,9.5,25.6,14.1,HCP - Enquête nationale sur l'emploi
2019,9.2,24.9,13.5,HCP - Enquête nationale sur l'emploi
2020,11.9,31.2,16.2,HCP - Enquête nationale sur l'emploi
2021,12.3,31.8,16.8,HCP - Enquête nationale sur l'emploi
2022,11.8,32.7,17.2,"HCP - Activité, emploi et chômage, résultats annuels 2022"
2023,13.0,35.8,18.3,"HCP - Activité, emploi et chômage, résultats annuels 2023"
2024,13.3,36.7,19.4,"HCP - Activité, emploi et chômage, résultats annuels 2024"
2025,13.0,37.2,20.5,"HCP - Activité, emploi et chômage, résultats annuels 2025"
